<?xml version="1.0" encoding="utf-8" standalone="yes" ?>
<Window size="580,362" caption="0,0,0,60" mininfo="580,362" maxinfo="580,362">
    <Font id="0" name="微软雅黑" size="16" bold="true" italic="false" />
    <Font id="1" name="" size="16" bold="true" italic="false" />
    <VerticalLayout width="580" height="362" bkimage="img/bk.jpg">
        <Label name="Label_Show_Start" text="环境部署中" float="true" pos="240,94,0,0" width="178" height="39" textcolor="#00FFFFFF" disabledtextcolor="#FFA7A6AA" font="1" />
        <Control name="Control_loading" float="true" pos="240,62,0,0" width="100" height="100" />
        <Label name="Label_Show_Exit" text="环境部署完成，正在退出" float="true" pos="202,94,0,0" width="257" height="39" textcolor="#00FFFFFF" disabledtextcolor="#FFA7A6AA" font="1" />
        <Control name="Control_Blak" float="true" pos="0,0,0,0" width="580" height="362" bkimage="file=&apos;img\black.jpg&apos; fade=&apos;83&apos;" />
        <Label text="部署完成后，需要几分钟与浏览器建立通讯" float="true" pos="64,188,0,0" width="452" height="43" textcolor="#00FFFBF0" disabledtextcolor="#FFA7A6AA" align="center" />
    </VerticalLayout>
</Window>
