<?xml version="1.0" encoding="utf-8" standalone="yes" ?>
<Window size="900,650" sizebox="4,4,6,6" caption="0,0,0,120" mininfo="900,650" maxinfo="950,700">
    <Font name="宋体" size="12" bold="false" italic="false" />
    <Font name="宋体" size="14" bold="false" italic="false" />
    <Font name="微软雅黑" size="28" bold="false" italic="false" />
    <Font name="微软雅黑" size="42" bold="false" italic="false" />
    <Font name="宋体" size="12" bold="true" italic="false" />
    <Font name="微软雅黑" size="18" bold="false" italic="false" />
    <Font name="SimSun" size="12" bold="false" italic="false" default="true" />
    <Font name="SimSun" size="12" bold="true" italic="false" />
    <Default name="VScrollBar" value="button1normalimage=&quot;file=&apos;images/scrollbar.bmp&apos; source=&apos;0,90,16,106&apos; mask=&apos;#FFFF00FF&apos;&quot; button1hotimage=&quot;file=&apos;images/scrollbar.bmp&apos; source=&apos;18,90,34,106&apos; mask=&apos;#FFFF00FF&apos;&quot; button1pushedimage=&quot;file=&apos;images/scrollbar.bmp&apos; source=&apos;36,90,52,106&apos; mask=&apos;#FFFF00FF&apos;&quot; button1disabledimage=&quot;file=&apos;images/scrollbar.bmp&apos; source=&apos;54,90,70,106&apos; mask=&apos;#FFFF00FF&apos;&quot; button2normalimage=&quot;file=&apos;images/scrollbar.bmp&apos; source=&apos;0,108,16,124&apos; mask=&apos;#FFFF00FF&apos;&quot; button2hotimage=&quot;file=&apos;images/scrollbar.bmp&apos; source=&apos;18,108,34,124&apos; mask=&apos;#FFFF00FF&apos;&quot; button2pushedimage=&quot;file=&apos;images/scrollbar.bmp&apos; source=&apos;36,108,52,124&apos; mask=&apos;#FFFF00FF&apos;&quot; button2disabledimage=&quot;file=&apos;images/scrollbar.bmp&apos; source=&apos;54,108,70,124&apos; mask=&apos;#FFFF00FF&apos;&quot; thumbnormalimage=&quot;file=&apos;images/scrollbar.bmp&apos; source=&apos;0,126,16,142&apos; corner=&apos;2,2,2,2&apos; mask=&apos;#FFFF00FF&apos;&quot; thumbhotimage=&quot;file=&apos;images/scrollbar.bmp&apos; source=&apos;18,126,34,142&apos; corner=&apos;2,2,2,2&apos; mask=&apos;#FFFF00FF&apos;&quot; thumbpushedimage=&quot;file=&apos;images/scrollbar.bmp&apos; source=&apos;36,126,52,142&apos; corner=&apos;2,2,2,2&apos; mask=&apos;#FFFF00FF&apos;&quot; thumbdisabledimage=&quot;file=&apos;images/scrollbar.bmp&apos; source=&apos;54,126,70,142&apos; corner=&apos;2,2,2,2&apos; mask=&apos;#FFFF00FF&apos;&quot; railnormalimage=&quot;file=&apos;images/scrollbar.bmp&apos; source=&apos;0,144,16,160&apos; corner=&apos;2,2,2,2&apos; mask=&apos;#FFFF00FF&apos;&quot; railhotimage=&quot;file=&apos;images/scrollbar.bmp&apos; source=&apos;18,144,34,160&apos; corner=&apos;2,2,2,2&apos; mask=&apos;#FFFF00FF&apos;&quot; railpushedimage=&quot;file=&apos;images/scrollbar.bmp&apos; source=&apos;36,144,52,160&apos; corner=&apos;2,2,2,2&apos; mask=&apos;#FFFF00FF&apos;&quot; raildisabledimage=&quot;file=&apos;images/scrollbar.bmp&apos; source=&apos;54,144,70,160&apos; corner=&apos;2,2,2,2&apos; mask=&apos;#FFFF00FF&apos;&quot; bknormalimage=&quot;file=&apos;images/scrollbar.bmp&apos; source=&apos;0,162,16,178&apos; corner=&apos;2,2,2,2&apos; mask=&apos;#FFFF00FF&apos;&quot; bkhotimage=&quot;file=&apos;images/scrollbar.bmp&apos; source=&apos;18,162,34,178&apos; corner=&apos;2,2,2,2&apos; mask=&apos;#FFFF00FF&apos;&quot; bkpushedimage=&quot;file=&apos;images/scrollbar.bmp&apos; source=&apos;36,162,52,178&apos; corner=&apos;2,2,2,2&apos; mask=&apos;#FFFF00FF&apos;&quot; bkdisabledimage=&quot;file=&apos;images/scrollbar.bmp&apos; source=&apos;54,162,70,178&apos; corner=&apos;2,2,2,2&apos; mask=&apos;#FFFF00FF&apos;&quot; " />
    <Default name="HScrollBar" value="button1normalimage=&quot;file=&apos;images/scrollbar.bmp&apos; source=&apos;0,0,16,16&apos; mask=&apos;#FFFF00FF&apos;&quot; button1hotimage=&quot;file=&apos;images/scrollbar.bmp&apos; source=&apos;18,0,34,16&apos; mask=&apos;#FFFF00FF&apos;&quot; button1pushedimage=&quot;file=&apos;images/scrollbar.bmp&apos; source=&apos;36,0,52,16&apos; mask=&apos;#FFFF00FF&apos;&quot; button1disabledimage=&quot;file=&apos;images/scrollbar.bmp&apos; source=&apos;54,0,70,16&apos; mask=&apos;#FFFF00FF&apos;&quot; button2normalimage=&quot;file=&apos;images/scrollbar.bmp&apos; source=&apos;0,18,16,34&apos; mask=&apos;#FFFF00FF&apos;&quot; button2hotimage=&quot;file=&apos;images/scrollbar.bmp&apos; source=&apos;18,18,34,34&apos; mask=&apos;#FFFF00FF&apos;&quot; button2pushedimage=&quot;file=&apos;images/scrollbar.bmp&apos; source=&apos;36,18,52,34&apos; mask=&apos;#FFFF00FF&apos;&quot; button2disabledimage=&quot;file=&apos;images/scrollbar.bmp&apos; source=&apos;54,18,70,34&apos; mask=&apos;#FFFF00FF&apos;&quot; thumbnormalimage=&quot;file=&apos;images/scrollbar.bmp&apos; source=&apos;0,36,16,52&apos; corner=&apos;2,2,2,2&apos; mask=&apos;#FFFF00FF&apos;&quot; thumbhotimage=&quot;file=&apos;images/scrollbar.bmp&apos; source=&apos;18,36,34,52&apos; corner=&apos;2,2,2,2&apos; mask=&apos;#FFFF00FF&apos;&quot; thumbpushedimage=&quot;file=&apos;images/scrollbar.bmp&apos; source=&apos;36,36,52,52&apos; corner=&apos;2,2,2,2&apos; mask=&apos;#FFFF00FF&apos;&quot; thumbdisabledimage=&quot;file=&apos;images/scrollbar.bmp&apos; source=&apos;54,36,70,52&apos; corner=&apos;2,2,2,2&apos; mask=&apos;#FFFF00FF&apos;&quot; railnormalimage=&quot;file=&apos;images/scrollbar.bmp&apos; source=&apos;0,54,16,70&apos; corner=&apos;2,2,2,2&apos; mask=&apos;#FFFF00FF&apos;&quot; railhotimage=&quot;file=&apos;images/scrollbar.bmp&apos; source=&apos;18,54,34,70&apos; corner=&apos;2,2,2,2&apos; mask=&apos;#FFFF00FF&apos;&quot; railpushedimage=&quot;file=&apos;images/scrollbar.bmp&apos; source=&apos;36,54,52,70&apos; corner=&apos;2,2,2,2&apos; mask=&apos;#FFFF00FF&apos;&quot; raildisabledimage=&quot;file=&apos;images/scrollbar.bmp&apos; source=&apos;54,54,70,70&apos; corner=&apos;2,2,2,2&apos; mask=&apos;#FFFF00FF&apos;&quot; bknormalimage=&quot;file=&apos;images/scrollbar.bmp&apos; source=&apos;0,72,16,88&apos; corner=&apos;2,2,2,2&apos; mask=&apos;#FFFF00FF&apos;&quot; bkhotimage=&quot;file=&apos;images/scrollbar.bmp&apos; source=&apos;18,72,34,88&apos; corner=&apos;2,2,2,2&apos; mask=&apos;#FFFF00FF&apos;&quot; bkpushedimage=&quot;file=&apos;images/scrollbar.bmp&apos; source=&apos;36,72,52,88&apos; corner=&apos;2,2,2,2&apos; mask=&apos;#FFFF00FF&apos;&quot; bkdisabledimage=&quot;file=&apos;images/scrollbar.bmp&apos; source=&apos;54,72,70,88&apos; corner=&apos;2,2,2,2&apos; mask=&apos;#FFFF00FF&apos;&quot; " />
    <VerticalLayout name="layout" bordersize="1" width="900" height="650" bkcolor="#FFFFFFFF" bordercolor="#DDDDDDDD">
        <HorizontalLayout name="headLayout" width="900" height="23" bkcolor="#FF2EA9FC">
            <VerticalLayout name="headTool" width="900" height="23">
                <HorizontalLayout name="headLayout" float="true" pos="0,0,0,0" width="780" height="23">
                    <Text name="textName" text="获客工具" float="true" pos="10,5,0,0" width="190" height="13" mouse="false" textpadding="2,0,2,0" textcolor="#FFFFFFFF" disabledtextcolor="#FFA7A6AA" align="wrap" />
                </HorizontalLayout>
                <HorizontalLayout name="toolbar" float="true" pos="780,0,0,0" width="122" height="23" padding="0,0,0,5" bkimage=" file=&apos;images\tool_bg.png&apos; ">
                    <Button name="setbtn" tooltip="设置" float="true" pos="5,0,0,0" width="35" height="23" textcolor="#FF000000" disabledtextcolor="#FFA7A6AA" align="center" normalimage=" file=&apos;images\set.png&apos; " hotimage=" file=&apos;images\set2.png&apos; " pushedimage=" file=&apos;images\set3.png&apos; " />
                    <Button name="minbtn" tooltip="最小化" float="true" pos="44,0,0,0" width="35" height="23" textcolor="#FF000000" disabledtextcolor="#FFA7A6AA" align="center" normalimage=" file=&apos;images\minbtn.png&apos; " hotimage=" file=&apos;images\minbtn2.png&apos; " pushedimage=" file=&apos;images\minbtn3.png&apos; " />
                    <Button name="closebtn_index" tooltip="关闭" float="true" pos="83,0,0,0" width="35" height="23" textcolor="#FF000000" disabledtextcolor="#FFA7A6AA" align="center" normalimage=" file=&apos;images\close.png&apos; " hotimage=" file=&apos;images\close2.png&apos; " pushedimage=" file=&apos;images\close3.png&apos; " />
                </HorizontalLayout>
                <Button name="btnLogin_index" text="&lt;u&gt;登 录&lt;/u&gt;" float="true" pos="670,4,0,0" width="100" height="16" textcolor="#FFFFFFFF" disabledtextcolor="#FFA7A6AA" showhtml="true" align="right" />
            </VerticalLayout>
        </HorizontalLayout>
        <TabLayout name="switch" width="900" height="600">
            <WebBrowserEx name="web" clsid="{8856F961-340A-11D0-A96B-00C04FD705A2}" homepage="about:blank" autonavi="true" delaycreate="false" bordersize="0" />
        </TabLayout>
        <HorizontalLayout name="copyright" bordersize="1" float="true" pos="0,623,0,0" width="900" height="27" bkcolor="#FFF5F5F5" bordercolor="#DDDDDDDD">
            <Text name="textVersions" text="主程序版本：1.0.0.0" float="true" pos="5,6,0,0" width="175" height="16" textpadding="2,0,2,0" textcolor="#FF9C9A9A" disabledtextcolor="#FFA7A6AA" align="wrap" />
            <Button name="btnCheck" text="检测更新" float="true" pos="180,6,0,0" width="60" height="16" textcolor="#FF388DDF" disabledtextcolor="#FFA7A6AA" showhtml="true" align="center" />
        </HorizontalLayout>
    </VerticalLayout>
</Window>
