<?xml version="1.0" encoding="utf-8" standalone="yes" ?>
<Window size="600,200" sizebox="4,4,4,4" caption="0,0,0,30" mininfo="600,200" maxinfo="600,200" roundcorner="5,5">
    <Font name="宋体" size="15" bold="false" italic="false" />
    <VerticalLayout width="600" height="200" bkimage="forCtrlUserTask/bg.png">
        <HorizontalLayout width="600" height="33">
            <VerticalLayout width="500" height="35">
                <Label text="温馨提示" float="true" pos="11,5,0,0" width="97" height="26" textcolor="#00AAC000" disabledtextcolor="#FFA7A6AA" font="0" />
            </VerticalLayout>
            <VerticalLayout width="100" height="35">
                <Button name="Button_Min" float="true" pos="27,9,0,0" width="28" height="17" textcolor="#FF000000" disabledtextcolor="#FFA7A6AA" align="center" normalimage="file=&apos;forCtrlUserTask/max_min.png&apos; source=&apos;0,0,28,17&apos;" hotimage="file=&apos;forCtrlUserTask/max_min_h.png&apos; source=&apos;0,0,28,17&apos;" />
                <Button name="Button_close" float="true" pos="62,9,0,0" width="28" height="17" textcolor="#FF000000" disabledtextcolor="#FFA7A6AA" align="center" normalimage="file=&apos;forCtrlUserTask/max_min.png&apos; source=&apos;28,0,56,17&apos;" hotimage="file=&apos;forCtrlUserTask/max_min_h.png&apos; source=&apos;28,0,56,17&apos;" />
            </VerticalLayout>
        </HorizontalLayout>
        <HorizontalLayout width="600" height="30">
            <Label name="Label_TaskTypeTip" text="任务等待中..." float="true" pos="154,7,0,0" width="293" height="19" textcolor="#00008080" disabledtextcolor="#FFA7A6AA" align="center" />
        </HorizontalLayout>
        <HorizontalLayout width="600" height="233">
            <Progress name="Progress_TipShow" float="true" pos="5,49,0,0" width="558" height="30" bkimage="forCtrlUserTask/progress_back.png" textcolor="#FF000000" disabledtextcolor="#FFA7A6AA" align="center" foreimage="forCtrlUserTask/progress_fore.png" min="0" max="1000" value="500" hor="true" />
            <Button name="Button_TaskStop" text="停止" float="true" pos="564,49,0,0" width="31" height="29" textcolor="#00808000" disabledtextcolor="#FFA7A6AA" align="center" normalimage="file=&apos;forCtrlUserTask/button.bmp&apos; source=&apos;0,0,66,22&apos; fade=&apos;90&apos;" hotimage="file=&apos;forCtrlUserTask/button.bmp&apos; source=&apos;0,22,66,44&apos; fade=&apos;90&apos;" pushedimage="file=&apos;forCtrlUserTask/button.bmp&apos; source=&apos;0,44,66,66&apos; fade=&apos;90&apos;" />
            <Label name="Label_Percent" text="0%" float="true" pos="259,51,0,0" width="51" height="24" textcolor="#00800000" disabledtextcolor="#FFA7A6AA" align="center" />
        </HorizontalLayout>
    </VerticalLayout>
</Window>
