
<?xml version="1.0" encoding="utf-8" standalone="yes" ?>
<Window size="900,600" sizebox="4,4,6,6" caption="0,0,0,120" roundcorner="4,4" maxinfo="900,600" mininfo="900,600"  > <Font name="微软雅黑" size="12" bold="true" />
  <VerticalLayout name="layout" pos="0,0,900,600" width="900" height="600" bkcolor="#FFFFFFFF" bordersize="1" bordercolor="#dddddddd" >
   
    <!--二级菜单-->
    <HorizontalLayout name="navlayout" float="true" pos="1,0,899,30" height="30" bkcolor="#f2f2f2f2" bkcolor2="#eaeaeaea" bordercolor="#dddddddd" bottombordersize="1" />
    

    <!--立即清理内容-->
    <HorizontalLayout name="garbage" float="true" pos="0,30,900,460" height="430" >
      
 		  <Container name="date_clear" >
				<!--<Control float="true" pos="10,20,87,96"  bkimage=" file='images\search_rub.gif' "/>-->
				<ButtonGif  float="true" pos="10,20,87,96" width="77" height="76"  NormalGifFile="images\search_rub.gif" /> 
				<Text name="" text="{b}正在清理垃圾，请稍后...{/b}" float="true" pos="115,40,300,60" textcolor="#ff535353" showhtml="true"  />
				<Progress name="Progress_rub" text="" float="true" pos="115,62,680,78"  height="16" bkimage="file='images\loading_bg2.gif'" foreimage=" file='images\search_loading.png' "  min="0" max="100" value="0" hor="true" align="center" textpadding="0,2,0,0"  />
				<Button name="btn_clear_cancel" tooltip="取消清理" float="true" pos="700,45,815,80"  text="{b}取消清理{/b}" textcolor="#ffffffff" width="115" height="35"  normalimage=" file='images\clear_btn.gif' " hotimage=" file='images\clear_btn2.gif' " showhtml="true" font="1"/>
    	</Container>


   
     
    </HorizontalLayout>
    
  </VerticalLayout>
</Window>
