<?xml version="1.0" encoding="utf-8" standalone="yes" ?>
<Window size="370,342" sizebox="4,4,6,6" caption="0,0,0,100" mininfo="370,342" maxinfo="370,342"> <Font name="微软雅黑" size="12" bold="true" italic="false" /> <Font name="SimSun" size="12" bold="true" italic="false" />
  <VerticalLayout name="login" pos="0,0,370,342" width="370"  bkimage="file='images\login_bg.gif' dest='0,0,370,302'"  bkcolor="#FFFFFFFF"  bordersize="1" bordercolor="#dddddddd">
    <!-- 头部内容-->
    <HorizontalLayout name="text_versions" float="true" pos="0,0,370,30">
      <!-- 头部标题-->
      <VerticalLayout name="login_versions" pos="0,0,300,30" width="300" height="30">
      </VerticalLayout>
      <!-- 头部关闭按钮-->
      <VerticalLayout name="login_close" float="true" pos="330,1,365,23" padding="0,0,0,5">
        <Button name="closebtn" tooltip="关闭" pos="0,0,35,23" width="35" height="23" textcolor="#FF000000" disabledtextcolor="#FFA7A6AA" align="center" normalimage=" file='images\close2.png' " hotimage=" file='images\close2.png' " pushedimage=" file='images\close3.png' "/>
      </VerticalLayout>
    </HorizontalLayout>
    <!-- 登录账户密码内容-->
	 <Label name="label_false" text="" float="true" pos="1,120,369,140" textcolor="#ffef280d" bkcolor="#ffcbebfd"  showhtml="true" align="center"/>
	
    <HorizontalLayout name="login_info" float="true" pos="1,140,365,240">
       <Label name="label_user" text="账 户：" float="true" pos="30,10,75,35" textcolor="#FF000000" disabledtextcolor="#FFA7A6AA" />
      <Edit name="text_user" float="true" pos="80,10,260,35" height="25" textpadding="5,6,5,6" align="left" bordersize="1" bordercolor="#dddddddd" />
	  <Button text="立即注册" name="btnRegister" textcolor="#ff388ddf" pos="270,12,320,35" float="true" align="center" showhtml="true"/>
	  
      <Label name="label_psw" text="密 码： " float="true" pos="30,55,75,80" textcolor="#FF000000" disabledtextcolor="#FFA7A6AA" />
      <Edit name="text_psw" float="true" pos="80,55,260,80"  align="left"  height="25" textpadding="5,6,5,6" password="true" bordersize="1" bordercolor="#dddddddd" />
	  <Button text="忘记密码" name="btnPassword" textcolor="#ff388ddf" pos="270,57,320,80" float="true" align="center" showhtml="true"/>
	  
	  
    </HorizontalLayout>
    <!-- 记住密码、自动登录内容-->
    <HorizontalLayout name="login_remember" float="true" pos="1,235,365,265">
      <Option name="option_remember" pos="80, 5, 160, 19"  float="true" text="记住密码" textpadding="14,0,0,0" normalimage="file='images\checkbox1.gif' dest='0,0,14,14'"  selectedimage="file='images\checkbox2.gif' dest='0,0,14,14'"  hotimage="file='images\checkbox1.gif' dest='0,0,14,14'"  textcolor="#FF777777" group="" />
      <!--<Label name="label_user" text="记住密码" float="true" pos="100,5,160,19" textcolor="#FF777777" disabledtextcolor="#FFA7A6AA" />-->
      <Option name="option_auto" pos="180, 5, 260, 19"  float="true" text="自动登录" normalimage="file='images\checkbox1.gif' dest='0,0,14,14'"  selectedimage="file='images\checkbox2.gif' dest='0,0,14,14' " textcolor="#FF777777"   textpadding="14,0,0,0" group="" />
      <!--<Label name="label_user" text="自动登录" float="true" pos="200,5,260,19" textcolor="#FF777777" disabledtextcolor="#FFA7A6AA" />-->
    </HorizontalLayout>
    <!--底部登录按钮内容-->
    <HorizontalLayout name="" float="true" pos="1,280,365,330">
      <Button name="btn_login" tooltip="登录" float="true" pos="130,0,219,29" text="登 录" height="29" width="89" textcolor="#FFFFFFFF"  align="center" normalimage=" file='images\btn_login.gif' " hotimage=" file='images\btn_login2.gif' "  />
       <Button name="btn_login_cancel" tooltip="取消" float="true" pos="130,0,219,29" text="取消" height="29" width="89" textcolor="#FFFFFFFF"  align="center" normalimage=" file='images\btn_login.gif' " hotimage=" file='images\btn_login2.gif' "  visible="false" />
    </HorizontalLayout>
  </VerticalLayout>
</Window>
